22	Aaron	M	eu
27	Abbas	M	ar
164	Abdallah	M	ar
83	Abdel	M	eu
40	Abdelali	M	ar
30	Abdelatif	M	ar
177	Abdelaziz	M	ar
70	Abdelghani	M	ar
26	Abdelhadi	M	ar
49	Abdelhafid	M	ar
69	Abdelhak	M	ar
68	Abdelhakim	M	ar
31	Abdelhalim	M	ar
78	Abdelhamid	M	ar
44	Abdelilah	M	ar
18	Abdelillah	M	ar
399	Abdelkader	M	eu
56	Abdelkarim	M	ar
152	Abdelkrim	M	ar
133	Abdellah	M	ar
88	Abdellatif	M	ar
32	Abdelmadjid	M	ar
63	Abdelmajid	M	ar
50	Abdelmalek	M	eu
34	Abdelouahab	M	ar
18	Abdelouahed	M	ar
21	Abdenbi	M	ar
16	Abdennour	M	eu
42	Abdenour	M	eu
99	Abderrahim	M	ar
40	Abderrahman	M	ar
120	Abderrahmane	M	ar
47	Abderrazak	M	ar
55	Abdeslam	M	ar
36	Abdessamad	M	ar
18	Abdesselam	M	ar
111	Abdou	M	eu
37	Abdoul	M	ar
104	Abdoulaye	M	ar
30	Abdul	M	ar
24	Abdullah	M	ar
19	Abed	M	eu
184	Abel	M	eu
31	Abilio	M	eu
25	Abou	M	eu
31	Aboubacar	M	ar
19	Aboubakar	M	ar
62	Abraham	M	eu
69	Achille	M	eu
36	Achour	M	eu
51	Achraf	M	eu
181	Adam	M	eu
47	Adama	M	af
164	Adel	M	eu
22	Adelino	M	eu
33	Adem	M	eu
115	Adil	M	ar
33	Adnan	M	ar
18	Adnane	M	ar
79	Adolphe	M	eu
167	Adrian	M	eu
41	Adriano	M	eu
1378	Adrien	M	eu
36	Agostinho	M	eu
20	Agostino	M	eu
25	Ahamada	M	ar
22	Ahamadi	M	ar
18	Ahamed	M	ar
69	Ahcène	M	ar
46	Ahmad	M	ar
970	Ahmed	M	ar
69	Ahmet	M	eu
442	Aime	M	eu
20	Aimen	M	eu
45	Akim	M	ar
32	Akli	M	ar
29	Akram	M	ar
11050	Alain	M	eu
216	Alan	M	eu
23	Alassane	M	af
288	Alban	M	eu
16	Albano	M	eu
23	Alberic	M	eu
1833	Albert	M	eu
119	Alberto	M	eu
57	Albin	M	eu
22	Albino	M	eu
16	Alcide	M	eu
101	Aldo	M	eu
16	Aldric	M	eu
18	Alec	M	eu
33	Alejandro	M	eu
30	Aleksandar	M	eu
75	Alessandro	M	eu
380	Alex	M	eu
121	Alexander	M	eu
4053	Alexandre	M	eu
95	Alexandru	M	eu
16	Alexei	M	eu
1226	Alexis	M	eu
36	Alfonso	M	eu
490	Alfred	M	eu
49	Alfredo	M	eu
927	Ali	M	ar
27	Alin	M	ar
16	Alioune	M	ar
69	Alix	M	eu
26	Allain	M	eu
122	Allan	M	ar
31	Aloïs	M	eu
19	Aloyse	M	eu
264	Alphonse	M	eu
57	Alvaro	M	eu
18	Aly	M	af
96	Amadou	M	af
34	Amand	M	eu
190	Amar	M	af
31	Amara	M	af
135	Amaury	M	eu
50	Ambroise	M	eu
58	Amédée	M	eu
35	Americo	M	eu
31	Amin	M	ar
180	Amine	M	ar
70	Amir	M	ar
48	Ammar	M	ar
53	Amor	M	eu
18	Anaël	M	eu
29	Anas	M	eu
16	Anass	M	eu
33	Anatole	M	eu
8793	André	M	eu
96	Andréa	M	eu
108	Andréas	M	eu
93	Andréi	M	eu
42	Andrés	M	eu
204	Andrew	M	eu
17	Andréy	M	eu
71	Andrzej	M	eu
107	Andy	M	eu
244	Ange	M	eu
125	Angel	M	eu
233	Angelo	M	eu
28	Anicet	M	eu
101	Anis	M	eu
19	Anli	M	eu
28	Anouar	M	eu
23	Anselme	M	eu
2517	Anthony	M	eu
3510	Antoine	M	eu
44	Anton	M	eu
22	Antoni	M	eu
190	Antonin	M	eu
33	Antonino	M	eu
972	Antonio	M	eu
254	Antony	M	eu
42	Arezki	M	eu
22	Ariel	M	eu
49	Aristide	M	eu
24	Arkadiusz	M	eu
21	Arlindo	M	eu
16	Arman	M	eu
663	Armand	M	eu
67	Armando	M	eu
97	Armel	M	eu
32	Armen	M	eu
22	Armin	M	eu
16	Armindo	M	eu
2619	Arnaud	M	eu
30	Arnauld	M	eu
29	Arnault	M	eu
23	Arno	M	eu
65	Arnold	M	eu
123	Arsène	M	eu
524	Arthur	M	eu
82	Artur	M	eu
21	Asen	M	eu
16	Assane	M	ar
23	Assani	M	eu
17	Atef	M	eu
18	Attila	M	eu
25	Attilio	M	eu
21	Attoumani	M	af
21	Aubin	M	eu
371	Auguste	M	eu
199	Augustin	M	eu
30	Augusto	M	eu
26	Aurel	M	eu
1116	Aurélien	M	eu
19	Aurélio	M	eu
343	Axel	M	eu
16	Aydin	M	tu
30	Ayhan	M	ar
33	Aymen	M	ar
238	Aymeric	M	eu
60	Ayoub	M	ar
27	Azdine	M	ar
32	Azeddine	M	ar
20	Azedine	M	ar
150	Aziz	M	ar
19	Azzeddine	M	ar
50	Azzedine	M	ar
22	Babacar	M	af
28	Bacar	M	af
84	Bachir	M	ar
22	Badr	M	ar
18	Badreddine	M	ar
32	Bakary	M	eu
621	Baptiste	M	eu
19	Baris	M	eu
25	Barry	M	eu
79	Barthélémy	M	eu
80	Basile	M	eu
18	Bassem	M	eu
433	Bastien	M	eu
29	Baudouin	M	eu
46	Béchir	M	ar
32	Belaïd	M	ar
26	Belgacem	M	ar
89	Belkacem	M	ar
58	Ben	M	eu
17	Benaïssa	M	ar
16	Benamar	M	ar
24	Benito	M	eu
2197	Benjamin	M	eu
40	Benoît	M	eu
31	Benoist	M	eu
2480	Benoît	M	eu
21	Bérenger	M	eu
9914	Bernard	M	eu
22	Bernardo	M	eu
29	Bernd	M	eu
20	Bernhard	M	eu
28	Bertin	M	eu
1757	Bertrand	M	eu
90	Bilal	M	ar
53	Bilel	M	ar
22	Billal	M	ar
18	Billel	M	ar
53	Billy	M	eu
63	Blaise	M	eu
57	Bogdan	M	eu
373	Boris	M	eu
56	Boualem	M	ar
42	Boubacar	M	af
17	Bouchaib	M	ar
17	Boussad	M	ar
340	Brahim	M	ar
60	Brandon	M	eu
19	Brendan	M	eu
123	Brian	M	eu
520	Brice	M	eu
18	Brieuc	M	eu
55	Bruce	M	eu
4816	Bruno	M	eu
113	Bryan	M	eu
19	Bulent	M	eu
30	Calogero	M	eu
17	Camel	M	eu
576	Camille	M	eu
89	Carl	M	eu
70	Carlo	M	eu
489	Carlos	M	eu
55	Carmelo	M	eu
25	Carmine	M	eu
26	Carol	M	eu
60	Casimir	M	eu
29	Catalin	M	eu
2795	Cédric	M	eu
55	Cédrick	M	eu
16	Cédrik	M	eu
61	Célestin	M	eu
18	Cengiz	M	tu
132	César	M	eu
23	Chabane	M	ar
16	Chadi	M	ar
26	Chafik	M	ar
26	Chakib	M	ar
22	Chaouki	M	ar
2714	Charles	M	eu
32	Charles-Henri	M	eu
25	Charley	M	eu
107	Charlie	M	eu
228	Charly	M	eu
17	Cheick	M	eu
60	Cheikh	M	ar
75	Chérif	M	tu
18	Chistophe	M	eu
30	Chokri	M	ar
56	Chris	M	eu
8598	Christian	M	eu
8179	Christophe	M	eu
636	Christopher	M	eu
36	Ciprian	M	eu
23	Ciro	M	eu
7670	Claude	M	eu
73	Claudio	M	eu
23	Claudiu	M	eu
55	Claudius	M	eu
38	Claudy	M	eu
1380	Clément	M	eu
16	Cliff	M	eu
34	Clotaire	M	eu
42	Clovis	M	eu
98	Colin	M	eu
32	Come	M	eu
92	Constant	M	eu
140	Constantin	M	eu
188	Corentin	M	eu
23	Cornel	M	eu
18	Cornelis	M	eu
28	Cosmin	M	eu
29	Costel	M	eu
25	Craig	M	eu
90	Cristian	M	eu
76	Cyprien	M	eu
21	Cyriaque	M	eu
1730	Cyril	M	eu
680	Cyrille	M	eu
30	Damian	M	eu
1858	Damien	M	eu
130	Dan	M	eu
8244	Daniel	M	eu
16	Danilo	M	eu
34	Danny	M	eu
241	Dany	M	eu
35	Daouda	M	af
33	Dario	M	eu
21	Darius	M	eu
57	Dariusz	M	eu
23	Darren	M	eu
26	Dave	M	eu
6801	David	M	eu
32	Davide	M	eu
151	Davy	M	eu
24	Déjan	M	eu
33	Demba	M	af
3582	Denis	M	eu
17	Dennis	M	eu
53	Denys	M	eu
26	Derek	M	eu
137	Désiré	M	eu
21	Diamantino	M	eu
4842	Didier	M	eu
125	Diego	M	eu
40	Dieter	M	eu
26	Dieudonné	M	af
22	Dimitar	M	eu
499	Dimitri	M	eu
31	Dino	M	eu
37	Dirk	M	eu
16	Dit	M	eu
21	Djaffar	M	ar
62	Djamal	M	ar
198	Djamel	M	ar
21	Djelloul	M	ar
33	Djibril	M	ar
41	Djilali	M	ar
22	Djillali	M	ar
61	Domenico	M	eu
20	Domingo	M	eu
44	Domingos	M	eu
18	Dominic	M	eu
4957	Dominique	M	eu
16	Don	M	eu
35	Donald	M	eu
17	Donat	M	eu
40	Donatien	M	eu
24	Donovan	M	eu
16	Dorel	M	eu
156	Dorian	M	eu
21	Dorin	M	eu
33	Douglas	M	eu
38	Dragan	M	eu
171	Driss	M	eu
69	Dumitru	M	eu
18	Duncan	M	eu
23	Dusan	M	eu
209	Dylan	M	eu
83	Eddie	M	eu
469	Eddy	M	eu
71	Edgar	M	eu
75	Edgard	M	eu
433	Edmond	M	eu
920	Edouard	M	eu
17	Edson	M	eu
24	Eduard	M	eu
64	Eduardo	M	eu
85	Edward	M	eu
45	Edwin	M	eu
17	El Hassan	M	ar
16	El Mehdi	M	ar
36	Elian	M	eu
78	Elias	M	eu
537	Elie	M	eu
26	Elio	M	eu
18	Eliott	M	eu
81	Eloi	M	eu
94	Elvis	M	eu
35	Emanuel	M	eu
105	Emeric	M	eu
31	Emil	M	eu
1034	Emile	M	eu
174	Emilien	M	eu
36	Emilio	M	eu
2857	Emmanuel	M	eu
18	Emrah	M	ar
41	Enrico	M	eu
44	Enrique	M	eu
90	Enzo	M	eu
21	Ercan	M	tu
7366	Eric	M	eu
183	Erick	M	eu
107	Erik	M	eu
271	Ernest	M	eu
31	Ernesto	M	eu
22	Erol	M	eu
323	Erwan	M	eu
54	Erwann	M	eu
41	Erwin	M	eu
35	Esteban	M	eu
1352	Etienne	M	eu
18	Eugen	M	eu
551	Eugène	M	eu
16	Eugenio	M	eu
19	Evariste	M	eu
78	Fabian	M	eu
1929	Fabien	M	eu
103	Fabio	M	eu
2831	Fabrice	M	eu
32	Fabrizio	M	eu
32	Fadi	M	ar
26	Faiçal	M	ar
91	Faouzi	M	ar
55	Fares	M	ar
497	Farid	M	ar
67	Farouk	M	ar
18	Fatah	M	ar
21	Fateh	M	ar
63	Fathi	M	ar
37	Fatih	M	ar
18	Fawzi	M	ar
114	Fayçal	M	ar
30	Fédérico	M	eu
35	Félicien	M	eu
25	Félipe	M	eu
465	Félix	M	eu
111	Ferdinand	M	eu
32	Ferhat	M	ar
955	Fernand	M	eu
277	Fernando	M	eu
64	Fethi	M	ar
24	Filip	M	eu
75	Filipe	M	eu
16	Filippo	M	eu
79	Firmin	M	eu
160	Flavien	M	eu
25	Flavio	M	eu
1156	Florent	M	eu
35	Florentin	M	eu
1338	Florian	M	eu
113	Florin	M	eu
33	Fortune	M	af
172	Fouad	M	ar
30	Foued	M	ar
26	Franc	M	eu
138	Francesco	M	eu
3454	Francis	M	eu
244	Francisco	M	eu
21	Francisque	M	eu
3843	Franck	M	eu
84	Francky	M	eu
85	Franco	M	eu
7368	François	M	eu
39	François Xavier	M	eu
144	François-Xavier	M	eu
317	Frank	M	eu
33	Franklin	M	eu
20	Franky	M	eu
146	Frantz	M	eu
67	Franz	M	eu
112	Fred	M	eu
355	Freddy	M	eu
6953	Frédéric	M	eu
149	Frédérick	M	eu
23	Frédérico	M	eu
26	Frédérik	M	eu
32	Fredy	M	eu
35	Fritz	M	eu
19	Gabin	M	eu
1383	Gabriel	M	eu
33	Gaby	M	eu
480	Gaël	M	eu
606	Gaëtan	M	eu
24	Gaëtano	M	eu
40	Garry	M	eu
157	Gary	M	eu
75	Gaspard	M	eu
578	Gaston	M	eu
26	Gatien	M	eu
131	Gauthier	M	eu
101	Gautier	M	eu
16	Gavin	M	eu
34	Gaylord	M	eu
23	Gennaro	M	eu
23	Geoffray	M	eu
409	Geoffrey	M	eu
185	Geoffroy	M	eu
22	Georg	M	eu
61	George	M	eu
4548	Georges	M	eu
30	Georgi	M	eu
17	Georgios	M	eu
684	Gerald	M	eu
7687	Gerard	M	eu
20	Gerardo	M	eu
42	Géraud	M	eu
42	Gerhard	M	eu
351	Germain	M	eu
28	Gérôme	M	eu
79	Gervais	M	eu
28	Gery	M	eu
17	Ghassan	M	eu
131	Gheorghe	M	eu
246	Ghislain	M	eu
21	Giacomo	M	eu
21	Gian	M	eu
20	Giancarlo	M	eu
21	Gianluca	M	eu
63	Gianni	M	eu
86	Gil	M	eu
3027	Gilbert	M	eu
25	Gilberto	M	eu
171	Gildas	M	eu
4080	Gilles	M	eu
164	Gino	M	eu
17	Giorgio	M	eu
239	Giovanni	M	eu
151	Giuseppe	M	eu
22	Godefroy	M	eu
24	Gokhan	M	eu
29	Gontran	M	eu
37	Gonzague	M	eu
21	Gonzalo	M	eu
30	Goran	M	eu
16	Gordon	M	eu
41	Graham	M	eu
27	Gratien	M	eu
435	Grégoire	M	eu
1815	Grégory	M	eu
17	Grigore	M	eu
59	Grzegorz	M	eu
32	Guénaël	M	eu
39	Guido	M	eu
116	Guilhem	M	eu
3762	Guillaume	M	eu
19	Guillermo	M	eu
57	Guiseppe	M	eu
17	Günter	M	eu
17	Gunther	M	eu
19	Gurvan	M	eu
125	Gustave	M	eu
18	Gustavo	M	eu
5243	Guy	M	eu
152	Gwenaël	M	eu
36	Gwendal	M	eu
19	Gwenole	M	eu
120	Habib	M	ar
54	Hacène	M	ar
18	Hadi	M	ar
25	Hadj	M	ar
68	Hadrien	M	ar
52	Hafid	M	ar
37	Hakan	M	ar
259	Hakim	M	ar
28	Halil	M	ar
36	Halim	M	ar
18	Hamada	M	af
16	Hamadi	M	ar
24	Hamdi	M	ar
38	Hamed	M	ar
203	Hamid	M	ar
21	Hamidou	M	af
16	Hamou	M	af
144	Hamza	M	ar
114	Hans	M	eu
26	Harald	M	eu
90	Harold	M	eu
24	Harouna	M	eu
117	Harry	M	eu
68	Hasan	M	ar
269	Hassan	M	ar
56	Hassane	M	ar
77	Hassen	M	ar
33	Hatem	M	ar
63	Hector	M	eu
84	Hedi	M	eu
27	Heinz	M	eu
29	Helder	M	eu
29	Helmut	M	eu
4072	Henri	M	eu
22	Henrique	M	eu
305	Henry	M	eu
17	Henryk	M	eu
35	Herbert	M	eu
38	Hermann	M	eu
2937	Hervé	M	eu
228	Hicham	M	ar
74	Hichem	M	ar
43	Hilaire	M	eu
35	Hippolyte	M	eu
176	Hocine	M	ar
16	Holger	M	eu
16	Hong	M	eu
74	Honoré	M	eu
27	Horst	M	eu
29	Houari	M	ar
35	Houcine	M	ar
46	Houmadi	M	ar
18	Houssam	M	ar
22	Houssem	M	ar
16	Howard	M	eu
1598	Hubert	M	eu
505	Hugo	M	eu
612	Hugues	M	eu
17	Humbert	M	eu
57	Huseyin	M	eu
23	Hussein	M	eu
111	Ian	M	eu
224	Ibrahim	M	ar
118	Ibrahima	M	af
39	Idir	M	ar
49	Idriss	M	eu
28	Idrissa	M	ar
37	Ignace	M	eu
31	Ignacio	M	eu
151	Igor	M	eu
31	Ilan	M	eu
32	Ilie	M	eu
16	Ilyas	M	eu
20	Ilyes	M	eu
64	Imad	M	ar
39	Imed	M	ar
140	Ioan	M	eu
22	Ioannis	M	eu
151	Ion	M	eu
55	Ionel	M	eu
43	Ionut	M	eu
104	Isaac	M	eu
43	Isidore	M	eu
166	Ismaël	M	eu
128	Ismaïl	M	eu
17	Israël	M	eu
52	Issa	M	af
69	Issam	M	ar
30	Iulian	M	eu
268	Ivan	M	eu
21	Ivo	M	eu
43	Jacek	M	eu
220	Jack	M	eu
37	Jacki	M	eu
203	Jackie	M	eu
24	Jackson	M	eu
1413	Jacky	M	eu
86	Jacob	M	eu
8538	Jacques	M	eu
19	Jacquy	M	eu
44	Jaime	M	eu
30	Jalal	M	ar
152	Jamal	M	ar
106	Jamel	M	eu
596	James	M	eu
20	Jamil	M	ar
146	Jan	M	eu
45	Janick	M	eu
16	Jannick	M	eu
18	Janusz	M	eu
27	Jany	M	eu
45	Jaouad	M	ar
31	Jaroslaw	M	eu
198	Jason	M	eu
51	Javier	M	eu
31	Jawad	M	ar
19	Jean	M	eu
257	Jean Baptiste	M	eu
52	Jean Bernard	M	eu
108	Jean Charles	M	eu
226	Jean Christophe	M	eu
422	Jean Claude	M	eu
22	Jean Daniel	M	eu
467	Jean François	M	eu
183	Jean Jacques	M	eu
18	Jean Joseph	M	eu
291	Jean Louis	M	eu
16	Jean Loup	M	eu
411	Jean Luc	M	eu
398	Jean Marc	M	eu
275	Jean Marie	M	eu
387	Jean Michel	M	eu
51	Jean Noël	M	eu
29	Jean Pascal	M	eu
18	Jean Patrick	M	eu
320	Jean Paul	M	eu
284	Jean Philippe	M	eu
642	Jean Pierre	M	eu
25	Jean René	M	eu
55	Jean Sebastien	M	eu
162	Jean Yves	M	eu
17	Jean-André	M	eu
553	Jean-Baptiste	M	eu
145	Jean-Bernard	M	eu
345	Jean-Charles	M	eu
18	Jean-Christian	M	eu
435	Jean-Christophe	M	eu
2414	Jean-Claude	M	eu
43	Jean-Daniel	M	eu
26	Jean-David	M	eu
42	Jean-Denis	M	eu
23	Jean-Dominique	M	eu
20	Jean-Eric	M	eu
17	Jean-Etienne	M	eu
1557	Jean-François	M	eu
16	Jean-Frédéric	M	eu
21	Jean-Gabriel	M	eu
21	Jean-Guillaume	M	eu
37	Jean-Guy	M	eu
26	Jean-Hugues	M	eu
740	Jean-Jacques	M	eu
25	Jean-Laurent	M	eu
1456	Jean-Louis	M	eu
47	Jean-Loup	M	eu
1524	Jean-Luc	M	eu
1329	Jean-Marc	M	eu
1309	Jean-Marie	M	eu
20	Jean-Max	M	eu
1328	Jean-Michel	M	eu
26	Jean-Nicolas	M	eu
206	Jean-Noël	M	eu
61	Jean-Pascal	M	eu
38	Jean-Patrick	M	eu
1432	Jean-Paul	M	eu
597	Jean-Philippe	M	eu
3020	Jean-Pierre	M	eu
18	Jean-Pol	M	eu
16	Jean-Raymond	M	eu
64	Jean-René	M	eu
34	Jean-Robert	M	eu
79	Jean-Sebastien	M	eu
680	Jean-Yves	M	eu
41	Jeannot	M	eu
54	Jeff	M	eu
30	Jefferson	M	eu
43	Jeffrey	M	eu
21	Jehan	M	eu
20	Jéns	M	eu
608	Jérémie	M	eu
1844	Jérémy	M	eu
4283	Jérôme	M	eu
51	Jerry	M	eu
21	Jerzy	M	eu
22	Jesse	M	eu
143	Jessy	M	eu
85	Jesus	M	eu
17	Jihad	M	eu
48	Jim	M	eu
583	Jimmy	M	eu
159	Joachim	M	eu
90	Joan	M	eu
41	Joannès	M	eu
33	Joanny	M	eu
239	Joao	M	eu
19	Joao Paulo	M	eu
177	Joaquim	M	eu
25	Joaquin	M	eu
243	Jocelyn	M	eu
34	Joe	M	eu
2900	Joël	M	eu
107	Joffrey	M	eu
452	Johan	M	eu
351	Johann	M	eu
82	Johannès	M	eu
511	John	M	eu
289	Johnny	M	eu
46	Johny	M	eu
47	Jonas	M	eu
1898	Jonathan	M	eu
426	Jordan	M	eu
45	Jordane	M	eu
32	Jordi	M	eu
54	Jordy	M	eu
35	Jorg	M	eu
194	Jorge	M	eu
124	Joris	M	eu
2112	José	M	eu
26	José Antonio	M	eu
31	José Carlos	M	eu
25	José Luis	M	eu
29	José Manuel	M	eu
36	Josef	M	eu
37	Josélito	M	eu
4012	Joseph	M	eu
34	Joshua	M	is
29	Josian	M	eu
65	Josselin	M	eu
120	Josue	M	eu
31	Jozef	M	eu
258	Juan	M	eu
21	Jude	M	eu
38	Judicaël	M	eu
464	Jules	M	eu
132	Julian	M	eu
5404	Julien	M	eu
60	Julio	M	eu
63	Jurgen	M	eu
172	Justin	M	eu
16	Kacem	M	ar
27	Kader	M	eu
16	Kai	M	ar
38	Kais	M	eu
163	Kamal	M	ar
426	Kamel	M	eu
23	Kamil	M	ar
16	Karamba	M	ar
996	Karim	M	ar
218	Karl	M	eu
23	Karol	M	eu
16	Kazimierz	M	ar
26	Keith	M	eu
23	Kemal	M	ar
37	Ken	M	as
26	Kenan	M	eu
26	Kenneth	M	eu
36	Kenny	M	eu
16	Kenzo	M	eu
1999	Kévin	M	eu
198	Khaled	M	ar
220	Khalid	M	ar
17	Khalifa	M	ar
55	Khalil	M	ar
18	Kilian	M	eu
29	Killian	M	eu
48	Kim	M	as
48	Klaus	M	eu
53	Kleber	M	eu
18	Kodjo	M	eu
26	Koffi	M	af
19	Konrad	M	eu
16	Konstantin	M	eu
21	Krasimir	M	eu
81	Krzysztof	M	eu
26	Kurt	M	eu
99	Lahcen	M	ar
22	Lahcène	M	ar
36	Lahoucine	M	ar
32	Laid	M	ar
58	Lakhdar	M	ar
42	Lambert	M	eu
55	Lamine	M	ar
47	Landry	M	eu
87	Larbi	M	ar
30	Larry	M	eu
41	Lassana	M	af
7133	Laurent	M	eu
30	Laurentiu	M	eu
16	Layachi	M	eu
23	Lazare	M	eu
31	Lazhar	M	eu
39	Leandre	M	eu
28	Lee	M	as
251	Leo	M	eu
626	Léon	M	eu
141	Léonard	M	eu
32	Léonardo	M	eu
62	Léonce	M	eu
30	Léonel	M	eu
116	Léopold	M	eu
17	Leszek	M	eu
21	Lewis	M	eu
161	Lilian	M	eu
27	Lino	M	eu
1830	Lionel	M	eu
22	Lionnel	M	eu
16	Livio	M	eu
22	Liviu	M	eu
28	Logan	M	eu
1560	Loïc	M	eu
19	Loïck	M	eu
29	Loïs	M	eu
92	Lorenzo	M	eu
61	Loris	M	eu
97	Lotfi	M	eu
3998	Louis	M	eu
32	Louis-Marie	M	eu
20	Lounès	M	eu
22	Lounis	M	eu
1440	Luc	M	eu
75	Luca	M	eu
414	Lucas	M	eu
37	Lucian	M	eu
65	Luciano	M	eu
1705	Lucien	M	eu
2176	Ludovic	M	eu
49	Ludwig	M	eu
159	Luigi	M	eu
291	Luis	M	eu
19	Lukas	M	eu
30	Lukasz	M	eu
19	Luke	M	eu
55	Lyes	M	eu
24	Lyonel	M	eu
27	M Hamed	M	ar
39	M'hamed	M	ar
20	Maamar	M	af
29	Mabrouk	M	ar
24	Maciej	M	eu
17	Madani	M	eu
54	Madi	M	ar
53	Madjid	M	ar
80	Maël	M	eu
45	Mahamadou	M	eu
41	Mahdi	M	ar
35	Maher	M	ar
23	Mahfoud	M	ar
94	Mahmoud	M	ar
21	Mahmut	M	ar
34	Majid	M	ar
16	Makhlouf	M	ar
20	Makram	M	ar
24	Malcolm	M	eu
52	Malek	M	ar
30	Malick	M	ar
139	Malik	M	ar
236	Mamadou	M	af
28	Mamoudou	M	af
55	Manfred	M	eu
45	Mansour	M	eu
1183	Manuel	M	eu
5353	Marc	M	eu
30	Marc Antoine	M	eu
60	Marc-Antoine	M	eu
23	Marc-Olivier	M	eu
59	Marceau	M	eu
3806	Marcel	M	eu
27	Marcelin	M	eu
21	Marcelino	M	eu
19	Marcellin	M	eu
20	Marcello	M	eu
28	Marcelo	M	eu
45	Marcin	M	eu
21	Marcio	M	eu
209	Marco	M	eu
30	Marcos	M	eu
34	Marcus	M	eu
80	Marek	M	eu
95	Marian	M	eu
42	Mariano	M	eu
59	Marin	M	eu
21	Marino	M	eu
551	Mario	M	eu
397	Marius	M	eu
56	Mariusz	M	eu
185	Mark	M	eu
22	Marko	M	eu
19	Markus	M	eu
31	Marouane	M	ar
597	Martial	M	eu
701	Martin	M	eu
86	Marvin	M	eu
18	Marwan	M	eu
49	Massimo	M	eu
20	Massinissa	M	af
332	Mathias	M	eu
2307	Mathieu	M	eu
29	Mathis	M	eu
25	Mathurin	M	eu
44	Matteo	M	eu
79	Matthew	M	eu
152	Matthias	M	eu
1359	Matthieu	M	eu
3542	Maurice	M	eu
26	Maurizio	M	eu
46	Mauro	M	eu
766	Max	M	eu
164	Maxence	M	eu
2067	Maxime	M	eu
106	Maximilien	M	eu
41	Maximin	M	eu
32	Médéric	M	eu
55	Medhi	M	ar
627	Mehdi	M	ar
130	Mehmet	M	tu
24	Melvin	M	eu
16	Meng	M	as
55	Messaoud	M	ar
24	Mesut	M	tu
24	Metin	M	tu
31	Meyer	M	eu
18	Méziane	M	ar
18	Mhamed	M	ar
21	Micaël	M	eu
1929	Michaël	M	eu
38	Michal	M	eu
16771	Michel	M	eu
2156	Mickaël	M	eu
285	Miguel	M	eu
81	Mihai	M	eu
46	Mihail	M	eu
341	Mikaël	M	eu
157	Mike	M	eu
16	Mikhaël	M	eu
19	Mikhail	M	eu
61	Milan	M	eu
21	Milos	M	eu
73	Miloud	M	ar
54	Mimoun	M	ar
24	Minh	M	as
29	Mircea	M	eu
40	Miroslav	M	eu
30	Miroslaw	M	eu
17	Modeste	M	eu
21	Modou	M	eu
32	Moez	M	eu
43	Mohamad	M	ar
27	Mohamadi	M	ar
18	Mohamadou	M	af
3107	Mohamed	M	ar
33	Mohamed Ali	M	ar
17	Mohamed Amine	M	ar
16	Mohamed Lamine	M	ar
89	Mohammad	M	ar
711	Mohammed	M	ar
130	Mohand	M	eu
31	Mohsen	M	ar
280	Moïse	M	eu
59	Mokhtar	M	ar
24	Mokrane	M	ar
22	Moktar	M	ar
42	Moncef	M	eu
20	Mor	M	eu
74	Morad	M	ar
318	Morgan	M	eu
58	Mostafa	M	ar
18	Mostapha	M	ar
21	Mostefa	M	ar
16	Mouhamadi	M	ar
21	Mouhamadou	M	eu
31	Moulay	M	tu
79	Mouloud	M	ar
212	Mounir	M	ar
369	Mourad	M	eu
226	Moussa	M	af
20	Moustafa	M	ar
61	Moustapha	M	ar
19	Muhammad	M	ar
67	Murat	M	eu
138	Mustafa	M	ar
459	Mustapha	M	ar
345	Nabil	M	ar
70	Nacer	M	ar
23	Naceur	M	ar
22	Nacim	M	ar
31	Nader	M	ar
93	Nadir	M	ar
24	Naïm	M	ar
50	Najib	M	ar
21	Najim	M	ar
18	Nans	M	eu
17	Naoufel	M	ar
30	Narcisse	M	eu
89	Nasser	M	eu
112	Nassim	M	ar
144	Nathan	M	eu
94	Nathanaël	M	eu
29	Nathaniel	M	eu
21	Nazim	M	eu
58	Neil	M	eu
125	Nelson	M	eu
21	Nenad	M	eu
26	Nestor	M	eu
90	Nicholas	M	eu
23	Nicky	M	eu
30	Nicodème	M	eu
51	Nicola	M	eu
86	Nicolae	M	eu
18	Nicolai	M	eu
7279	Nicolas	M	eu
22	Niels	M	eu
48	Nigel	M	eu
29	Nikola	M	eu
29	Nikolay	M	eu
54	Nils	M	eu
51	Nizar	M	eu
17	Noam	M	eu
59	Noé	M	eu
865	Noël	M	eu
523	Norbert	M	eu
157	Nordine	M	ar
40	Norman	M	eu
61	Nourdine	M	ar
165	Noureddine	M	ar
39	Nouredine	M	ar
42	Nourredine	M	ar
20	Numa	M	af
53	Nuno	M	eu
62	Octave	M	eu
18	Olaf	M	eu
50	Oleg	M	eu
56	Oliver	M	eu
6501	Olivier	M	eu
21	Ollivier	M	eu
334	Omar	M	af
81	Omer	M	eu
27	Orhan	M	eu
51	Orlando	M	eu
78	Oscar	M	eu
48	Osman	M	eu
18	Othman	M	ar
21	Othmane	M	ar
49	Oualid	M	ar
67	Oumar	M	ar
74	Ousmane	M	ar
71	Oussama	M	ar
24	Ousseni	M	ar
32	Ovidiu	M	eu
16	Ozgur	M	eu
97	Pablo	M	eu
84	Paolo	M	eu
30	Papa	M	af
16	Parfait	M	af
6267	Pascal	M	eu
35	Pasquale	M	eu
2795	Patrice	M	eu
8285	Patrick	M	eu
4612	Paul	M	eu
17	Paul-Henri	M	eu
37	Paulin	M	eu
205	Paulo	M	eu
35	Pavel	M	eu
52	Pawel	M	eu
185	Pedro	M	eu
24	Petar	M	eu
361	Peter	M	eu
19	Pêtre	M	eu
43	Petru	M	eu
16	Petrus	M	eu
28	Philibert	M	eu
111	Philip	M	eu
18	Philipp	M	eu
12861	Philippe	M	eu
14038	Pierre	M	eu
17	Pierre Alexandre	M	eu
20	Pierre Antoine	M	eu
16	Pierre Henri	M	eu
23	Pierre Jean	M	eu
19	Pierre Louis	M	eu
19	Pierre Marie	M	eu
25	Pierre Olivier	M	eu
41	Pierre Yves	M	eu
29	Pierre-Alain	M	eu
47	Pierre-Alexandre	M	eu
35	Pierre-André	M	eu
43	Pierre-Antoine	M	eu
51	Pierre-Emmanuel	M	eu
27	Pierre-François	M	eu
50	Pierre-Henri	M	eu
16	Pierre-Henry	M	eu
68	Pierre-Jean	M	eu
50	Pierre-Louis	M	eu
93	Pierre-Marie	M	eu
38	Pierre-Olivier	M	eu
17	Pierre-Paul	M	eu
166	Pierre-Yves	M	eu
25	Pierric	M	eu
311	Pierrick	M	eu
34	Pierrot	M	eu
17	Pieter	M	eu
56	Pietro	M	eu
96	Piotr	M	eu
35	Pol	M	eu
76	Prosper	M	eu
16	Przemyslaw	M	eu
806	Quentin	M	eu
17	Quoc	M	as
135	Rabah	M	ar
679	Rachid	M	ar
16	Radouan	M	ar
39	Radouane	M	ar
27	Radu	M	eu
86	Rafaël	M	eu
33	Rafal	M	eu
16	Raffaële	M	eu
62	Rafik	M	ar
31	Rainer	M	eu
42	Ralf	M	eu
61	Ralph	M	eu
51	Ramazan	M	ar
38	Ramdane	M	ar
22	Rami	M	eu
16	Ramiro	M	eu
49	Ramon	M	eu
72	Ramzi	M	ar
27	Raouf	M	ar
331	Raoul	M	eu
1304	Raphaël	M	eu
23	Raul	M	eu
26	Rayan	M	ar
2974	Raymond	M	eu
49	Raynald	M	eu
69	Reda	M	ar
24	Redha	M	ar
71	Redouane	M	ar
22	Réginald	M	eu
1371	Régis	M	eu
1344	Rémi	M	eu
1341	Rémy	M	eu
54	Renald	M	eu
25	Renan	M	eu
39	Renato	M	eu
559	Renaud	M	eu
5525	René	M	eu
19	Renzo	M	eu
94	Reynald	M	eu
17	Reza	M	ar
50	Riad	M	ar
22	Riadh	M	ar
133	Ricardo	M	eu
2044	Richard	M	eu
34	Rida	M	ar
59	Ridha	M	ar
5621	Robert	M	eu
139	Roberto	M	eu
354	Robin	M	eu
35	Rocco	M	eu
48	Roch	M	eu
38	Rocky	M	eu
499	Rodolphe	M	eu
36	Rodrigo	M	eu
150	Rodrigue	M	eu
4577	Roger	M	eu
23	Rogerio	M	eu
2271	Roland	M	eu
37	Rolf	M	eu
136	Rolland	M	eu
2462	Romain	M	eu
97	Roman	M	eu
16	Romano	M	eu
70	Romaric	M	eu
54	Roméo	M	eu
328	Romuald	M	eu
115	Ronald	M	eu
226	Ronan	M	eu
19	Rosan	M	eu
36	Rosario	M	eu
33	Roy	M	eu
77	Ruben	M	eu
68	Ruddy	M	eu
19	Rudi	M	eu
29	Rudolf	M	eu
16	Rudolph	M	eu
490	Rudy	M	eu
72	Rui	M	eu
20	Ruslan	M	eu
28	Ryad	M	ar
31	Ryan	M	eu
23	Ryszard	M	eu
51	Saad	M	ar
36	Saber	M	ar
55	Sabri	M	ar
103	Sacha	M	eu
659	Saïd	M	ar
31	Saindou	M	eu
175	Salah	M	ar
68	Salem	M	ar
20	Salih	M	ar
220	Salim	M	ar
54	Salomon	M	is
48	Salvador	M	eu
182	Salvatore	M	eu
37	Sam	M	eu
42	Samba	M	af
212	Sami	M	ar
537	Samir	M	ar
33	Sammy	M	eu
27	Samson	M	eu
1217	Samuel	M	eu
212	Samy	M	eu
48	Sandro	M	eu
77	Sandy	M	eu
32	Santiago	M	eu
19	Santo	M	eu
103	Sauveur	M	eu
23	Scott	M	eu
23	Sean	M	eu
83	Sébastian	M	eu
5880	Sébastien	M	eu
35	Sékou	M	af
65	Sélim	M	tu
31	Séraphin	M	eu
4321	Serge	M	eu
26	Serghei	M	eu
138	Sergio	M	eu
39	Sergiu	M	eu
39	Séverin	M	eu
16	Seydou	M	eu
48	Sidi	M	ar
33	Sidney	M	eu
18	Sidy	M	eu
33	Siegfried	M	eu
25	Silvère	M	eu
42	Silvio	M	eu
39	Siméon	M	eu
1090	Simon	M	eu
38	Slawomir	M	eu
37	Slim	M	ar
19	Sliman	M	ar
104	Slimane	M	ar
76	Smaïl	M	ar
24	Smaïn	M	ar
63	Sofian	M	ar
280	Sofiane	M	ar
24	Sofien	M	ar
36	Sonny	M	eu
53	Sony	M	eu
44	Sorin	M	eu
16	Soufian	M	ar
101	Soufiane	M	ar
17	Soulaimana	M	ar
48	Souleymane	M	ar
262	Stanislas	M	eu
25	Stanislav	M	eu
25	Stanislaw	M	eu
31	Stanley	M	eu
211	Steeve	M	eu
31	Steeven	M	eu
181	Stefan	M	eu
63	Stefano	M	eu
326	Stéphan	M	eu
6489	Stéphane	M	eu
246	Stephen	M	eu
521	Stève	M	eu
436	Steven	M	eu
38	Stevens	M	eu
42	Stuart	M	eu
23	Suleyman	M	ar
42	Sullivan	M	eu
20	Sully	M	eu
39	Sven	M	eu
30	Sydney	M	eu
2558	Sylvain	M	eu
49	Sylvère	M	eu
58	Sylvestre	M	eu
42	Sylvio	M	eu
30	Tadeusz	M	eu
87	Tahar	M	ar
16	Taïeb	M	ar
163	Tanguy	M	eu
74	Taoufik	M	ar
104	Tarek	M	ar
127	Tarik	M	ar
44	Tayeb	M	ar
393	Teddy	M	eu
43	Terence	M	eu
41	Terry	M	eu
21	Thanh	M	as
248	Theo	M	eu
105	Theodore	M	eu
96	Theophile	M	eu
198	Thibaud	M	eu
616	Thibault	M	eu
419	Thibaut	M	eu
21	Thierno	M	eu
6621	Thierry	M	eu
17	Thiéry	M	eu
3329	Thomas	M	eu
32	Tiago	M	eu
21	Tim	M	eu
27	Timothe	M	eu
179	Timothée	M	eu
76	Timothy	M	eu
26	Tino	M	eu
162	Tom	M	eu
27	Tomas	M	eu
69	Tomasz	M	eu
55	Tommy	M	eu
38	Toni	M	eu
791	Tony	M	eu
76	Toufik	M	ar
56	Toussaint	M	eu
24	Trevor	M	eu
281	Tristan	M	eu
18	Tudor	M	eu
16	Udo	M	eu
76	Ugo	M	eu
20	Ugur	M	tu
70	Ulrich	M	eu
54	Ulysse	M	eu
18	Umberto	M	eu
22	Umit	M	tu
31	Urbain	M	eu
33	Uwe	M	af
37	Vadim	M	tu
586	Valentin	M	eu
46	Valère	M	eu
28	Valérien	M	eu
20	Valeriu	M	eu
120	Valéry	M	eu
56	Van	M	as
16	Vasco	M	eu
16	Vasil	M	eu
158	Vasile	M	eu
62	Vianney	M	eu
16	Vicente	M	eu
1025	Victor	M	eu
49	Victorien	M	eu
4543	Vincent	M	eu
75	Vincenzo	M	eu
57	Viorel	M	eu
30	Virgil	M	eu
77	Virgile	M	eu
24	Vital	M	eu
17	Vitalie	M	eu
24	Vito	M	eu
55	Vitor	M	eu
19	Vittorio	M	eu
33	Vivian	M	eu
164	Vivien	M	eu
107	Vladimir	M	eu
22	Volker	M	eu
20	Waël	M	eu
20	Wahid	M	ar
29	Waldemar	M	eu
196	Walid	M	ar
175	Walter	M	eu
23	Warren	M	eu
25	Wassim	M	eu
19	Wayne	M	eu
64	Werner	M	eu
66	Wesley	M	eu
20	Wieslaw	M	eu
150	Wilfrid	M	eu
240	Wilfried	M	eu
18	Wilhelm	M	eu
24	Willem	M	eu
1238	William	M	eu
58	Williams	M	eu
342	Willy	M	eu
34	Wilson	M	eu
16	Witold	M	eu
37	Wojciech	M	eu
57	Wolfgang	M	eu
2503	Xavier	M	eu
164	Yacine	M	ar
20	Yaël	M	eu
99	Yan	M	eu
31	Yanick	M	eu
88	Yanis	M	eu
1562	Yann	M	eu
1777	Yannick	M	eu
87	Yannis	M	eu
16	Yao	M	as
30	Yasin	M	ar
33	Yasser	M	ar
48	Yassin	M	ar
235	Yassine	M	ar
16	Yaya	M	ar
64	Yazid	M	ar
199	Yoan	M	eu
605	Yoann	M	eu
297	Yohan	M	eu
311	Yohann	M	eu
56	Yoni	M	eu
156	Youcef	M	ar
108	Younès	M	ar
45	Youness	M	ar
43	Youri	M	eu
333	Youssef	M	ar
66	Youssouf	M	ar
26	Yunus	M	tu
41	Yusuf	M	tu
585	Yvan	M	eu
4601	Yves	M	eu
29	Yves-Marie	M	eu
691	Yvon	M	eu
32	Yvonnick	M	eu
24	Zacharie	M	eu
18	Zafer	M	eu
23	Zahir	M	ar
113	Zakaria	M	ar
34	Zbigniew	M	eu
27	Ziad	M	ar
22	Zied	M	ar
18	Zoltan	M	eu
33	Zoran	M	ar
26	Zouhair	M	ar
20	Zouhir	M	ar
